CarNumber,SURNAME
Y163O8161RUS,REYES
E432XX77RUS,ROGERS
7184TT36RUS,MORALES
X582HE161RUS,ANDERSON
92918M178RUS,LONG
H234YH197RUS,HILL
E40577152RUS,MYERS
707987163RUS,WOOD
K330T8197RUS,RICHARDSON
X786CO96RUS,REED
C477M7161RUS,ORTIZ
O21997197RUS,KIM
M592CH197RUS,NELSON
9020YC197RUS,LONG
8182XX154RUS,YOUNG
7830C8197RUS,SCOTT
7066C8197RUS,MURPHY
M298CH161RUS,DAVIS
E445TC197RUS,ROBERTS
8440XX154RUS,MORALES
9371CE154RUS,JOHNSON
9182CE154RUS,BAILEY
83298C154RUS,COX
Y7659C197RUS,RAMIREZ
C922YE197RUS,MARTIN
7364C8197RUS,MORALES
M5039X197RUS,WOOD
8603T8154RUS,LONG
92928M178RUS,MILLER
O672E8197RUS,BAILEY
E42277152RUS,ROSS
C903MC161RUS,HILL
T7318T163RUS,TURNER
Y7719C197RUS,HARRIS
T011MY163RUS,CASTILLO
H115YO163RUS,SANCHEZ
73467Y96RUS,COLLINS
O134HE197RUS,BAKER
H968HY161RUS,SCOTT
Y654E8750RUS,TORRES
H963HY161RUS,GONZALEZ
H232YH197RUS,BROWN
7843C8197RUS,ROSS
X791O796RUS,NAME
H958HY161RUS,BAILEY
708587163RUS,PRICE
Y973O8197RUS,MORGAN
97977H178RUS,WRIGHT
H917TC36RUS,ANDERSON
Y7709C197RUS,ROBERTS
8513XX154RUS,GREEN
T870X7163RUS,GREEN
8818C877RUS,ROBERTS
T395OT197RUS,FOSTER
K327T8197RUS,HALL
8311XX154RUS,TORRES
X423MK197RUS,HALL
96429X178RUS,ORTIZ
O275O7161RUS,FOSTER
7789KT197RUS,ROGERS
E28877161RUS,MILLER
T6068M116RUS,PEREZ
9498KX178RUS,RAMOS
99209X178RUS,HARRIS
T6449O50RUS,BROOKS
9683EC178RUS,MORRIS
Y353O8197RUS,MARTIN
O719MM163RUS,WATSON
E535MM199RUS,FLORES
Y352O8197RUS,FOSTER
7788KT197RUS,PARKER
E807HE77RUS,FOSTER
M516CH161RUS,WALKER
89587X197RUS,RODRIGUEZ
7781KT197RUS,LEWIS
E645TH36RUS,JAMES
Y302E877RUS,BAILEY
M058XE36RUS,KELLY
8166XX154RUS,COX
M589CH197RUS,JAMES
9408H7178RUS,WILLIAMS
H387TM197RUS,ANDERSON
8049HT125RUS,HERNANDEZ
9698MO178RUS,MARTIN
8685HE154RUS,WILLIAMS
7177TT36RUS,MORGAN
O77997197RUS,COOK
Y234E877RUS,WRIGHT
97987H178RUS,ADAMS
X257HE161RUS,MARTINEZ
T399KX197RUS,ADAMS
H957HY161RUS,GOMEZ
K379HY161RUS,HARRIS
T654HT96RUS,HALL
8439XX154RUS,GUTIERREZ
Y965EE197RUS,PEREZ
X758HY197RUS,STEWART
M0279X197RUS,RICHARDSON
H224X836RUS,WARD
E6849O154RUS,THOMPSON
O83797197RUS,RUIZ
9402KK197RUS,PETERSON
7368C8197RUS,ADAMS
H427YH197RUS,PATEL
9583EY178RUS,ROGERS
Y038E877RUS,HARRIS
9822H8161RUS,LOPEZ
7826C8197RUS,HARRIS
E160YX77RUS,CARTER
82337X197RUS,CARTER
X757HY197RUS,ROBINSON
X765HY197RUS,MOORE
934497178RUS,HOWARD
K2807K154RUS,STEWART
T8008Y125RUS,RUIZ
Y960EE197RUS,REYES
7840C8197RUS,GRAY
K846YE77RUS,ALVAREZ
7827C8197RUS,WATSON
Y655E8750RUS,JACKSON
H003MH197RUS,LEE
Y7699C197RUS,WALKER
Y8399C197RUS,FLORES
9135X938RUS,PATEL
H385TM197RUS,JOHNSON
9428EX178RUS,ADAMS
H837YK197RUS,WALKER
O83597197RUS,ROSS
E42577152RUS,NELSON
E53277152RUS,FOSTER
C476M7161RUS,HILL
9943KK197RUS,CAMPBELL
8165XX154RUS,REYES
T476KX197RUS,PHILLIPS
C422X938RUS,GONZALEZ
K328T8197RUS,COOK
9466EX178RUS,HERNANDEZ
X256HE161RUS,JOHNSON
Y275O8197RUS,NAME
H217X836RUS,MORALES
Y316E877RUS,GREEN
8601XX154RUS,RODRIGUEZ
M741T9152RUS,ADAMS
9883HX152RUS,RODRIGUEZ
Y6829Y50RUS,PATEL
H004MH197RUS,HOWARD
704987163RUS,NELSON
E316EH197RUS,MILLER
O22297197RUS,NAME
O02597197RUS,ALVAREZ
X015HY197RUS,BENNETT
T769OT197RUS,HALL
Y778EE197RUS,THOMAS
7829C8197RUS,MILLER
T272HH163RUS,WRIGHT
T018OX197RUS,WATSON
Y255E877RUS,CAMPBELL
9697MO178RUS,WARD
T686EO197RUS,EVANS
C590EY154RUS,KELLY
T941CC96RUS,JAMES
O22397197RUS,WATSON
X242EC197RUS,CASTILLO
T020OX197RUS,HILL
E33577152RUS,WOOD
E773EH197RUS,SANCHEZ
T6428M116RUS,TORRES
Y7129Y50RUS,GUTIERREZ
Y418EX197RUS,LONG
Y7689C197RUS,ROGERS
E52877152RUS,THOMPSON
7369C8197RUS,COX
Y166O8161RUS,CLARK
705287163RUS,ALVAREZ
K559KC161RUS,GARCIA
M0299X197RUS,KIM
84418C154RUS,CASTILLO
E53488152RUS,PATEL
90159H178RUS,PRICE
C798ET50RUS,MITCHELL
Y193O8161RUS,RICHARDSON
7248C8197RUS,LOPEZ
K357YE77RUS,YOUNG
E0697X152RUS,ALVAREZ
E40877152RUS,EDWARDS
Y351O8197RUS,BAILEY
Y356O8197RUS,CARTER
O6939X163RUS,CRUZ
Y7649C197RUS,WRIGHT
9935TE152RUS,WOOD
704687163RUS,JAMES
7197TT36RUS,CARTER
O143HO197RUS,NAME
K436MO152RUS,PRICE
9938OH154RUS,YOUNG
E34877152RUS,KELLY
E5878M777RUS,PATEL
7844C8197RUS,TORRES
C584EY154RUS,SMITH
E28977161RUS,ROSS
T016OX197RUS,CHAVEZ
H889YK197RUS,ROGERS
7363C8197RUS,JONES
T6039O50RUS,EVANS
7365C8197RUS,ALLEN
Y967O8197RUS,ROGERS
E816HE77RUS,RIVERA
T6329O50RUS,GONZALEZ
X504X8197RUS,LOPEZ
M581CH197RUS,SANDERS
X523OM161RUS,SANCHEZ
C412X938RUS,TAYLOR
7831C8197RUS,TORRES
8164XX154RUS,ROSS
T6419O50RUS,RODRIGUEZ
E822TH36RUS,BENNETT
8437XX154RUS,WILSON
C515X938RUS,KING
7172TT36RUS,CAMPBELL
8436XX154RUS,GUTIERREZ
E79988152RUS,EDWARDS
8180XX154RUS,PARKER
84438C154RUS,COOPER
T6309O50RUS,ADAMS
T6129O50RUS,PRICE
K339T8197RUS,MITCHELL
X782CO96RUS,STEWART
E591HE77RUS,DIAZ
9499KX178RUS,RICHARDSON
Y357O8197RUS,CARTER
Y652O8197RUS,COLLINS
X767HY197RUS,ROBINSON
H220X836RUS,WRIGHT
H218X836RUS,SANDERS
T913CT197RUS,JAMES
T6439O50RUS,REYES
7784KT197RUS,HALL
X286TC36RUS,COX
O752MX161RUS,PETERSON
Y7449Y50RUS,PETERSON
92828M178RUS,REYES
Y650E8750RUS,NGUYEN
8321XX154RUS,FOSTER
8316XX154RUS,MITCHELL
T017OX197RUS,MORALES
H977HY161RUS,LEE
X522OM161RUS,GARCIA
O085E8197RUS,PEREZ
705387163RUS,ADAMS
O017KO197RUS,THOMAS
X4138H125RUS,RIVERA
8441XX154RUS,SMITH
M0269X197RUS,GREEN
T483CT96RUS,RIVERA
T940CC96RUS,MITCHELL
C58078163RUS,JACKSON
O02397197RUS,HARRIS
8611T8154RUS,WOOD
704787163RUS,RIVERA
C313MM99RUS,BAILEY
X763HY197RUS,ADAMS
M386M9197RUS,MORALES
8605T8154RUS,RAMOS
7147OE161RUS,WOOD
7361C8197RUS,ROBINSON
Y359EY197RUS,DAVIS
T6559O50RUS,ROBINSON
9469EX178RUS,WALKER
Y6839Y50RUS,ALVAREZ
H237YH197RUS,MORALES
T948OM96RUS,JIMENEZ
T395KX197RUS,PARKER
M301CH161RUS,ROGERS
9496KX178RUS,HUGHES
T6319O50RUS,MITCHELL
H305T8197RUS,MYERS
8201XX154RUS,ALVAREZ
O64297197RUS,GONZALEZ
9523M8178RUS,REYES
Y273O8197RUS,LEWIS
T6229O50RUS,COOPER
X023HY197RUS,KIM
8226XX154RUS,RAMIREZ
Y038TO197RUS,ADAMS
M0289X197RUS,LOPEZ
E811HE77RUS,GREEN
X795O796RUS,JACKSON
O39997197RUS,SANDERS
97968K152RUS,LEE
H219X836RUS,STEWART
T6169O50RUS,WILSON
94178K154RUS,LOPEZ
9467EX178RUS,EDWARDS
O78097197RUS,ROBERTS
X5707X161RUS,TAYLOR
Y232E877RUS,MILLER
Y388E877RUS,RAMOS
X255HE161RUS,KIM
E552MO152RUS,COX
97998K152RUS,MYERS
Y963O8197RUS,MORGAN
T477KX197RUS,GRAY
T2639T116RUS,WHITE
O49797197RUS,GARCIA
O68897197RUS,DIAZ
72457Y96RUS,MORRIS
7064C8197RUS,EVANS
E948C8152RUS,MILLER
C514X938RUS,HERNANDEZ
C589EY154RUS,CRUZ
K899T8197RUS,ROBERTS
T6418M116RUS,PRICE
8607XX154RUS,TAYLOR
92778M178RUS,BAILEY
T288CT96RUS,ROSS
9886HX152RUS,HARRIS
C583EY154RUS,HALL
C592EY154RUS,TURNER
T6459O50RUS,COLLINS
X759HY197RUS,LOPEZ
705787163RUS,WOOD
92898M178RUS,MITCHELL
9671EC178RUS,GOMEZ
M302CH161RUS,HILL
M578CH197RUS,WARD
Y207O8161RUS,HILL
96659X178RUS,ANDERSON
T912CT197RUS,CAMPBELL
7183TT36RUS,FLORES
89557X197RUS,FLORES
Y359O8197RUS,ORTIZ
K2817K154RUS,MORALES
Y964O8197RUS,ROBINSON
H967HY161RUS,ALLEN
E394MO152RUS,BAKER
O50699163RUS,MILLER
9463EX178RUS,THOMAS
E53677152RUS,ORTIZ
K338T8197RUS,RUIZ
Y4298M777RUS,TORRES
Y687HM197RUS,WALKER
98037H178RUS,KIM
7828C8197RUS,PHILLIPS
H980HY161RUS,EDWARDS
H906YK197RUS,BENNETT
7199MT197RUS,JONES
X908XC197RUS,GUTIERREZ
T171CC96RUS,WATSON
X4108H125RUS,CLARK
Y966O8197RUS,LONG
K2797K154RUS,KING
7089H8163RUS,YOUNG
7841C8197RUS,BENNETT
9940KK197RUS,WATSON
H971HY161RUS,THOMAS
H844YH197RUS,WARD
E33477152RUS,THOMPSON
Y156E877RUS,ROSS
E396MO152RUS,COX
Y969O8197RUS,CASTILLO
9028CO161RUS,FLORES
T6249O50RUS,GARCIA
E42377152RUS,PETERSON
9941KK197RUS,LONG
M372CH197RUS,GRAY
K040CC197RUS,REYES
E41577152RUS,CAMPBELL
9763HY161RUS,ADAMS
T535ET96RUS,COOPER
H961HY161RUS,MURPHY
M2169X197RUS,WALKER
8234XX154RUS,THOMPSON
O83697197RUS,JACKSON
E52677152RUS,GRAY
8451M7154RUS,HALL
9589EY178RUS,NGUYEN
H907YK197RUS,BENNETT
O39897197RUS,LOPEZ
M3879X197RUS,NAME
C299K9154RUS,THOMPSON
9468EX178RUS,MYERS
M375CH197RUS,STEWART
H982HY161RUS,REED
8224XX154RUS,HOWARD
Y653E8750RUS,RICHARDSON
K558KC161RUS,ROBERTS
O058M7161RUS,GUTIERREZ
M256OH161RUS,GRAY
T242H8197RUS,GARCIA
K27188138RUS,CARTER
96629X178RUS,GRAY
9881HX152RUS,PRICE
T479KX197RUS,MURPHY
M680T9152RUS,BAKER
C410X938RUS,ORTIZ
X762HY197RUS,WRIGHT
9470EX178RUS,EVANS
X4128H125RUS,LEWIS
9762HY161RUS,MARTIN
H419XE197RUS,JAMES
98017H178RUS,COLLINS
Y780EE197RUS,CAMPBELL
M580CH197RUS,SCOTT
9943OH154RUS,REED
Y354O8197RUS,WARD
7065C8197RUS,COX
E28777161RUS,BAILEY
M701T9152RUS,MOORE
E577HE77RUS,SANCHEZ
92788M178RUS,BROOKS
9072EM178RUS,RODRIGUEZ
9409H7178RUS,SANDERS
C3829X154RUS,NAME
T478KX197RUS,WRIGHT
T119CT96RUS,BENNETT
708487163RUS,GARCIA
H983HY161RUS,TORRES
7842C8197RUS,KIM
O64097197RUS,ROSS
Y693HM197RUS,HALL
96857X197RUS,SMITH
T394KX197RUS,PARKER
O49897197RUS,HARRIS
H963X936RUS,SCOTT
T341CC96RUS,SCOTT
9942KK197RUS,ALLEN
9141H8178RUS,RODRIGUEZ
7370C8197RUS,ROGERS
9890HX152RUS,PATEL
M268CH197RUS,EDWARDS
C419X938RUS,ALVAREZ
M0319X197RUS,LEWIS
M577CH197RUS,NAME
H975HY161RUS,WILLIAMS
X018HY197RUS,TAYLOR
E33177152RUS,FLORES
9491H7178RUS,PHILLIPS
M374CH197RUS,PRICE
96679X178RUS,GREEN
9594HY161RUS,SMITH
83218C154RUS,MARTINEZ
9764HY161RUS,PRICE
708187163RUS,PARKER
H908YK197RUS,BAKER
Y656E8750RUS,LEWIS
9679EC178RUS,NGUYEN
C803KE163RUS,CHAVEZ
Y7379Y50RUS,GARCIA
X320MK197RUS,RODRIGUEZ
96907X197RUS,BROWN
H235YH197RUS,SCOTT
9474EX178RUS,LEWIS
Y8259C197RUS,ALLEN
E29577161RUS,COLLINS
X761HY197RUS,MARTINEZ
T396KX197RUS,KELLY
C593EY154RUS,RUIZ
Y164O8161RUS,JOHNSON
M942OT152RUS,KING
Y7429Y50RUS,RICHARDSON
H976HY161RUS,COLLINS
Y195O8161RUS,REYES
O669E8197RUS,ALLEN
Y187O8161RUS,HOWARD
K329T8197RUS,JIMENEZ
9677MO178RUS,ALVAREZ
9939KK197RUS,FLORES
M373CH197RUS,COLLINS
7164YM36RUS,FLORES
O753MX161RUS,TURNER
T6488M116RUS,LONG
98047H178RUS,SMITH
9488EY178RUS,DIAZ
O481OH77RUS,MORRIS
K326T8197RUS,MARTIN
X796TH96RUS,BROWN
Y358O8197RUS,BAILEY
C420X938RUS,EDWARDS
Y965O8197RUS,GRAY
Y274O8197RUS,WARD
E223YM197RUS,ROBERTS
Y964EE197RUS,CAMPBELL
T6049O50RUS,PEREZ
H259HY161RUS,ANDERSON
Y344E877RUS,WOOD
K889HY161RUS,FOSTER
H214X836RUS,BAKER
O421OT161RUS,MYERS
7360C8197RUS,WRIGHT
Y194O8161RUS,JIMENEZ
T6359O50RUS,GREEN
E29677161RUS,CHAVEZ
T020MM116RUS,LONG
9502XX38RUS,RIVERA
8521XX154RUS,LEWIS
K376HE161RUS,LEE
7193TT36RUS,MURPHY
O785T9163RUS,TAYLOR
H618YC38RUS,RAMOS
9068EM178RUS,WARD
7783KT197RUS,RAMIREZ
Y305E877RUS,MORRIS
E881OT197RUS,FOSTER
O718MM163RUS,THOMAS
9975CC77RUS,SANCHEZ
T195OK161RUS,BENNETT
T914CT197RUS,GUTIERREZ
E41977152RUS,GRAY
9464EX178RUS,PRICE
O50197197RUS,LEE
7608EE777RUS,HARRIS
X123ABC,KING
Y456DEF,JONES
Z789GHI,WHITE
